iter	Logloss
0	0.215266694
1	0.1067797533
